[
  {
    "slug": "/confirm-email",
    "section": "auth",
    "requiresAuth": false,
    "redirectIfLoggedIn": "/dashboard",
    "supportedRoles": [],
    "componentPath": "@/components/auth/confirm-email.vue",
    "preLoadSections": ["dashboard"]
  },
  {
    "slug": "/404",
    "section": "misc",
    "requiresAuth": false,
    "supportedRoles": [],
    "componentPath": "@/components/NotFound.vue",
    "preLoadSections": []
  },
  {
    "slug": "/dashboard",
    "section": "dashboard",
    "requiresAuth": false,
    "enabled": true,
    "supportedRoles": ["any"],
    "redirectIfNotAuth": "/log-in",
    "componentPath": "@/components/dashboard/index.vue",
    "dependencies": {
      "roles": {
        "creator": {
          "onboardingPassed": {
            "required": true,
            "fallbackSlug": "/sign-up/onboarding"
          },
          "kycPassed": {
            "required": true,
            "fallbackSlug": "/sign-up/onboarding/kyc"
          }
        },
        "vendor": {
          "onboardingPassed": {
            "required": true,
            "fallbackSlug": "/sign-up/onboarding"
          }
        },
        "agent": {
          "onboardingPassed": {
            "required": true,
            "fallbackSlug": "/sign-up/onboarding"
          }
        }
      }
    },
    "redirect": "/dashboard/overview"
  },
  {
    "slug": "/log-in",
    "section": "auth",
    "requiresAuth": false,
    "enabled": true,
    "redirectIfLoggedIn": "/dashboard",
    "supportedRoles": [],
    "componentPath": "@/components/auth/log-in.vue",
    "preLoadSections": ["dashboard", "shop"]
  },
  {
    "slug": "/lost-password",
    "section": "auth",
    "redirectIfLoggedIn": "/dashboard",
    "requiresAuth": false,
    "supportedRoles": [],
    "componentPath": "@/components/auth/lost-password.vue",
    "preLoadSections": ["dashboard"]
  },
  {
    "slug": "/reset-password",
    "section": "auth",
    "requiresAuth": false,
    "redirectIfLoggedIn": "/dashboard",
    "supportedRoles": [],
    "componentPath": "@/components/auth/reset-password.vue",
    "preLoadSections": ["dashboard"]
  },
  {
    "slug": "/sign-up",
    "section": "auth",
    "requiresAuth": false,
    "enabled": true,
    "redirectIfLoggedIn": "/dashboard",
    "supportedRoles": [],
    "componentPath": "@/components/auth/sign-up.vue",
    "preLoadSections": ["dashboard"]
  },

  {
    "slug": "/dashboard/call-and-chat-settings",
    "section": "dashboard",
    "inheritConfigFromParent": true,
    "supportedRoles": ["creator"],
    "componentPath": "@/templates/dashboard/page/creator/DashboardCallAndChatSettings.vue"
  },
  {
    "slug": "/dashboard/account/change-password",
    "section": "dashboard",
    "inheritConfigFromParent": true,
    "supportedRoles": ["creator", "fan", "agent", "vendor"],
    "componentPath": "@/templates/dashboard/page/role/DashboardChangePassword.vue"
  },
  {
    "slug": "/dashboard/store/coupons",
    "section": "dashboard",
    "inheritConfigFromParent": true,
    "supportedRoles": ["creator", "fan"],
    "customComponentPath": {
      "creator": {
        "componentPath": "@/templates/dashboard/page/creator/DashboardCouponsCreator.vue"
      },
      "fan": {
        "componentPath": "@/templates/dashboard/page/fan/DashboardCouponsFan.vue"
      }
    }
  },
  {
    "slug": "/dashboard/store/custom-product-requests",
    "section": "dashboard",
    "inheritConfigFromParent": true,
    "supportedRoles": ["creator", "fan"],
    "customComponentPath": {
      "creator": {
        "componentPath": "@/templates/dashboard/page/creator/DashboardCustomProductRequestsCreator.vue"
      },
      "fan": {
        "componentPath": "@/templates/dashboard/page/fan/DashboardCustomProductRequestsFan.vue"
      }
    }
  },
  {
    "slug": "/dashboard/settings/custom-product-settings",
    "section": "dashboard",
    "inheritConfigFromParent": true,
    "supportedRoles": ["creator"],
    "componentPath": "@/templates/dashboard/page/creator/DashboardCustomProductSettingsCreator.vue"
  },
  {
    "slug": "/dashboard/edit-profile",
    "section": "dashboard",
    "inheritConfigFromParent": true,
    "supportedRoles": ["creator", "fan", "agent", "vendor"],
    "customComponentPath": {
      "creator": {
        "componentPath": "@/templates/dashboard/page/creator/DashboardEditProfileCreator.vue"
      },
      "fan": {
        "componentPath": "@/templates/dashboard/page/fan/DashboardEditProfileFan.vue"
      },
      "agent": {
        "componentPath": "@/templates/dashboard/page/agent/DashboardEditProfileAgent.vue"
      },
      "vendor": {
        "componentPath": "@/templates/dashboard/page/vendor/DashboardEditProfileVendor.vue"
      }
    }
  },
  {
    "slug": "/dashboard/following",
    "section": "dashboard",
    "inheritConfigFromParent": true,
    "supportedRoles": ["creator", "fan", "agent", "vendor"],
    "componentPath": "@/templates/dashboard/page/role/DashboardFollowing.vue"
  },
  {
    "slug": "/dashboard/settings/live-stream-settings",
    "section": "dashboard",
    "inheritConfigFromParent": true,
    "supportedRoles": ["creator"],
    "componentPath": "@/templates/dashboard/page/creator/DashboardLiveStreamSettingsCreator.vue"
  },
  {
    "slug": "/dashboard/my-media",
    "section": "dashboard",
    "inheritConfigFromParent": true,
    "supportedRoles": ["creator"],
    "componentPath": "@/templates/dashboard/page/creator/DashboardMyMediaCreator.vue"
  },
  {
    "slug": "/dashboard/settings/newsletter-settings",
    "section": "dashboard",
    "inheritConfigFromParent": true,
    "supportedRoles": ["creator", "fan", "agent", "vendor"],
    "customComponentPath": {
      "creator": {
        "componentPath": "@/templates/dashboard/page/creator/DashboardNewsletterSettingsCreator.vue"
      },
      "fan": {
        "componentPath": "@/templates/dashboard/page/fan/DashboardNewsletterSettingsFan.vue"
      },
      "agent": {
        "componentPath": "@/templates/dashboard/page/agent/DashboardNewsletterSettingsAgent.vue"
      },
      "vendor": {
        "componentPath": "@/templates/dashboard/page/vendor/DashboardNewsletterSettingsVendor.vue"
      }
    }
  },  
  {
    "slug": "/dashboard/overview",
    "section": "dashboard",
    "inheritConfigFromParent": true,
    "supportedRoles": ["creator"],
    "componentPath": "@/templates/dashboard/page/creator/DashboardOverviewCreator.vue"
  },
  {
    "slug": "/dashboard/settings/payout-settings",
    "section": "dashboard",
    "inheritConfigFromParent": true,
    "supportedRoles": ["creator", "agent", "vendor"],
    "customComponentPath": {
      "creator": {
        "componentPath": "@/templates/dashboard/page/creator/DashboardPayoutSettingsCreator.vue"
      },
      "agent": {
        "componentPath": "@/templates/dashboard/page/agent/DashboardPayoutSettingsAgent.vue"
      },
      "vendor": {
        "componentPath": "@/templates/dashboard/page/vendor/DashboardPayoutSettingsVendor.vue"
      }
    }
  },
  {
    "slug": "/dashboard/payout",
    "section": "dashboard",
    "inheritConfigFromParent": true,
    "supportedRoles": ["creator", "agent", "vendor"],
    "customComponentPath": {
      "creator": {
        "componentPath": "@/templates/dashboard/page/creator/DashboardPayoutCreator.vue"
      },
      "agent": {
        "componentPath": "@/templates/dashboard/page/agent/DashboardPayoutAgent.vue"
      },
      "vendor": {
        "componentPath": "@/templates/dashboard/page/vendor/DashboardPayoutVendor.vue"
      }
    }
  },
  {
    "slug": "/dashboard/settings/privacy-security",
    "section": "dashboard",
    "inheritConfigFromParent": true,
    "supportedRoles": ["creator", "fan", "agent", "vendor"],
    "componentPath": "@/templates/dashboard/page/role/DashboardPrivacySecurity.vue"
  },
  {
    "slug": "/dashboard/settings/private-chat-settings",
    "section": "dashboard",
    "inheritConfigFromParent": true,
    "supportedRoles": ["creator"],
    "customComponentPath": {
      "creator": {
        "componentPath": "@/templates/dashboard/page/creator/DashboardPrivateChatSettingsCreator.vue"
      }
    }
  },
  {
    "slug": "/dashboard/chats",
    "section": "dashboard",
    "inheritConfigFromParent": true,
    "supportedRoles": ["creator", "fan", "agent", "vendor"],
    "customComponentPath": {
      "creator": {
        "componentPath": "@/templates/dashboard/page/creator/DashboardChatsCreator.vue"
      },
      "fan": {
        "componentPath": "@/templates/dashboard/page/fan/DashboardChatsFan.vue"
      },
      "agent": {
        "componentPath": "@/templates/dashboard/page/agent/DashboardChatsAgent.vue"
      },
      "vendor": {
        "componentPath": "@/templates/dashboard/page/vendor/DashboardChatsVendor.vue"
      }
    }
  },
  {
    "slug": "/dashboard/store/product-listings",
    "section": "dashboard",
    "inheritConfigFromParent": true,
    "supportedRoles": ["creator"],
    "customComponentPath": {
      "creator": {
        "componentPath": "@/templates/dashboard/page/creator/DashboardProductListingCreator.vue"
      }
    }
  },
  {
    "slug": "/dashboard/store/purchased-media",
    "section": "dashboard",
    "inheritConfigFromParent": true,
    "supportedRoles": ["creator", "fan", "agent", "vendor"],
    "componentPath": "@/templates/dashboard/page/role/DashboardPurchasedMedia.vue"
  },

  {
    "slug": "/dashboard/shop/purchases",
    "section": "dashboard",
    "inheritConfigFromParent": true,
    "supportedRoles": ["creator", "fan", "agent", "vendor"],
    "componentPath": "@/templates/dashboard/page/role/DashboardPurchases.vue"
  },
  {
    "slug": "/dashboard/referrals",
    "section": "dashboard",
    "inheritConfigFromParent": true,
    "supportedRoles": ["creator", "fan", "agent", "vendor"],
    "componentPath": "@/templates/dashboard/page/role/DashboardReferrals.vue"
  },
  {
    "slug": "/dashboard/settings",
    "section": "dashboard",
    "inheritConfigFromParent": true,
    "supportedRoles": ["creator", "fan", "agent", "vendor"],
    "customComponentPath": {
      "creator": {
        "componentPath": "@/templates/dashboard/page/creator/DashboardSettingsCreator.vue"
      },
      "fan": {
        "componentPath": "@/templates/dashboard/page/fan/DashboardSettingsFan.vue"
      },
      "vendor": {
        "componentPath": "@/templates/dashboard/page/vendor/DashboardSettingsVendor.vue"
      },
      "agent": {
        "componentPath": "@/templates/dashboard/page/agent/DashboardSettingsAgent.vue"
      }
    }
  },
  {
    "slug": "/dashboard/account/shipping",
    "section": "dashboard",
    "inheritConfigFromParent": true,
    "supportedRoles": ["creator", "fan", "agent", "vendor"],
    "componentPath": "@/templates/dashboard/page/role/DashboardShipping.vue"
  },
  {
    "slug": "/dashboard/settings/subscription-settings",
    "section": "dashboard",
    "inheritConfigFromParent": true,
    "supportedRoles": ["creator"],
    "componentPath": "@/templates/dashboard/page/creator/DashboardSubscriptionSettingsCreator.vue"
  },
  {
    "slug": "/dashboard/store/subscription",
    "section": "dashboard",
    "inheritConfigFromParent": true,
    "supportedRoles": ["creator"],
    "componentPath": "@/templates/dashboard/page/creator/DashboardSubscriptionCreator.vue"
  },
  {
    "slug": "/dashboard/store/your-orders",
    "section": "dashboard",
    "inheritConfigFromParent": true,
    "supportedRoles": ["creator"],
    "componentPath": "@/templates/dashboard/page/creator/DashboardYourOrdersCreator.vue"
  },
  {
    "slug": "/dashboard/store/your-posts",
    "section": "dashboard",
    "inheritConfigFromParent": true,
    "supportedRoles": ["creator"],
    "componentPath": "@/templates/dashboard/page/creator/DashboardYourPostsCreator.vue"
  },

  {
    "slug": "/sign-up/onboarding",
    "section": "auth",
    "requiresAuth": false,
    "redirectIfNotAuth": "/log-in",
    "supportedRoles": ["creator"],
    "componentPath": "@/components/auth/sign-up-onboarding.vue",
    "preLoadSections": ["dashboard"],
    "dependencies": {
      "roles": {
        "creator": {
          "kycPassed": {
            "required": false,
            "fallbackSlug": "/dashboard"
          }
        }
      }
    }
  },

  {
    "slug": "/sign-up/onboarding/kyc",
    "section": "auth",
    "requiresAuth": false,
    "redirectIfNotAuth": "/log-in",
    "supportedRoles": ["creator"],
    "componentPath": "@/components/auth/sign-up-onboarding-kyc.vue",
    "preLoadSections": ["dashboard"],
    "dependencies": {
      "roles": {
        "creator": {
          "kycPassed": {
            "required": false,
            "fallbackSlug": "/dashboard"
          }
        }
      }
    }
  },
  {
    "slug": "/auth/callback/social/facebook",
    "section": "auth",
    "inheritConfigFromParent": true,
    "supportedRoles": ["creator", "fan", "agent", "vendor"],
    "componentPath": "@/templates/auth/page/role/AuthFacebook.vue"
  },
  {
    "slug": "/auth/callback/social/google",
    "section": "auth",
    "inheritConfigFromParent": true,
    "supportedRoles": ["creator", "fan", "agent", "vendor"],
    "componentPath": "@/templates/auth/page/role/AuthGoogle.vue"

  },
  {
    "slug": "/auth/callback/social/twitter",
    "section": "auth",
    "inheritConfigFromParent": true,
    "supportedRoles": ["creator", "fan", "agent", "vendor"],
    "componentPath": "@/templates/auth/page/role/AuthTwitter.vue"
  },

  {
    "slug": "/sign-up/onboarding/kyc/callback",
    "section": "auth",
    "requiresAuth": false,
    "redirectIfNotAuth": "/log-in",
    "supportedRoles": ["creator", "fan", "agent", "vendor"],
    "componentPath": "@/components/auth/sign-up/onboarding-kyc-status.vue",
    "preLoadSections": ["dashboard"],
    "dependencies": {
      "roles": {
        "creator": {
          "kycPassed": {
            "required": false,
            "fallbackSlug": "/dashboard"
          }
        }
      }
    }
  },
  {
    "slug": "/sign-up/onboarding/kyc/status",
    "section": "auth",
    "requiresAuth": false,
    "redirectIfNotAuth": "/log-in",
    "supportedRoles": ["creator"],
    "componentPath": "@/components/auth/sign-up/onboarding-kyc-status.vue",
    "preLoadSections": ["dashboard"],
    "dependencies": {
      "roles": {
        "creator": {
          "kycPassed": {
            "required": false,
            "fallbackSlug": "/dashboard"
          }
        }
      }
    }
  },
  
  {
    "slug": "/about",
    "section": "about",
    "requiresAuth": false,
    "enabled": false,
    "supportedRoles": [],
    "componentPath": "@ /templates/about/AboutWrapper.vue",
    "preLoadSections": ["dashboard"]
  },
  {
    "slug": "/contact",
    "section": "contact",
    "enabled": true,
    "requiresAuth": false,
    "supportedRoles": [],
    "componentPath": "@/templates/contact/ContactWrapper.vue",
    "preLoadSections": ["dashboard"]
  },
  {
    "slug": "/profile",
    "section": "profile",
    "requiresAuth": false,
    "enabled": true,
    "supportedRoles": ["any"],
    "componentPath": "@/templates/profile/ProfileWrapper.vue",
    "preLoadSections": []
  },
  {
    "slug": "/discover",
    "section": "discover",
    "requiresAuth": false,
    "enabled": true,
    "supportedRoles": ["all"],
    "componentPath": "@/templates/discover/DiscoverWrapper.vue",
    "dependencies": {
      "onboardingRequired": {
        "fallbackSlug": "/onboarding"
      }
    }
  },
  {
    "slug": "/shop",
    "requiresAuth": false,
    "section": "shop",
    "supportedRoles": ["all"],
    "enabled": true,
    "componentPath": "@/templates/shop/ShopWrapper.vue",
    "dependencies": {
      "onboardingRequired": {
        "fallbackSlug": "/onboarding"
      }
    }
  },
  {
    "slug": "/",
    "redirect": "/log-in",
    "section": "auth",
    "preLoadSections": []
  },
  
  {
    "slug": "/:pathMatch(.*)*",
    "redirect": "/404"
  }
]
